{"train": [0.9260185878206728, 0.6883915751052249, 0.4975371715811313, 0.3752794605695407, 0.2813482435276662, 0.2143025413893127, 0.15553729002654088, 0.14154220633083975, 0.13651446550030846, 0.13442332939472526, 0.12807927414591888, 0.1308926597631328, 0.1254126636133258, 0.12131806227035757, 0.12028847279316171, 0.12098597982225251, 0.12075949223746053, 0.12249454695649603, 0.11676046482395142, 0.11902892764811628, 0.11653157941106974, 0.11641824429013892, 0.11612574621663468, 0.11614099869752045, 0.11879758830735086, 0.11832357966627026, 0.11864451605966644, 0.11735434652727955, 0.1172657143927703, 0.1160786873264121], "valid": [0.7548781226396738, 0.5664374920652593, 0.4271314451699814, 0.2925893296213711, 0.2352830228171771, 0.18569221996098245, 0.16386828253673957, 0.1577185955694693, 0.15146515925629142, 0.15416434940924328, 0.14550873983376789, 0.14448980817311927, 0.13501986031845623, 0.14016503586044796, 0.13367097400411776, 0.1325887443632309, 0.13306531657368412, 0.13437562202861392, 0.13434914137255496, 0.13369072608133795, 0.13814868188268287, 0.13259666920129878, 0.13236991738261167, 0.13346711435783112, 0.13463103294106268, 0.13019603220101, 0.13655253257311198, 0.1341416359624575, 0.13276437427557322, 0.13447620195967]}