{"train": [0.5601041913032532, 0.7227391004562378, 0.8234090209007263, 0.8691849708557129, 0.9136583805084229, 0.9395236372947693, 0.9698548316955566, 0.9726460576057434, 0.9719017744064331, 0.9722738862037659, 0.9720878005027771, 0.9715296030044556, 0.9735764861106873, 0.9767398834228516, 0.9776702523231506, 0.9784145951271057, 0.9759955406188965, 0.9782285094261169, 0.9786006808280945, 0.9758094549179077, 0.9800893068313599, 0.9797171354293823, 0.9800893068313599, 0.9791589379310608, 0.9771119952201843, 0.9767398834228516, 0.9765537977218628, 0.9786006808280945, 0.978972852230072, 0.9780424237251282], "valid": [0.6939687132835388, 0.8034251928329468, 0.8481012582778931, 0.9113923907279968, 0.927029013633728, 0.9620253443717957, 0.964259147644043, 0.9672375321388245, 0.9664929509162903, 0.9672375321388245, 0.9687267541885376, 0.964259147644043, 0.9709605574607849, 0.9739389419555664, 0.9776619672775269, 0.9694713354110718, 0.9746835231781006, 0.9731943607330322, 0.9791511297225952, 0.9739389419555664, 0.9746835231781006, 0.9791511297225952, 0.9754281640052795, 0.9746835231781006, 0.9731943607330322, 0.9754281640052795, 0.9746835231781006, 0.9791511297225952, 0.9776619672775269, 0.9791511297225952]}